2021,联合
服务器,1月,2月,3月,4月,5月,6月,7月,8月,9月,10月,11月,12月
横須賀,7920,8290,7569,7678,6826,null,null,null,null,null,null,null
呉,8924,8852,8674,7751,9184,null,null,null,null,null,null,null
佐世保,8600,7519,8246,7932,7532,null,null,null,null,null,null,null
舞鶴,9144,9184,8104,7791,7445,null,null,null,null,null,null,null
大湊,8024,7846,8118,8923,7564,null,null,null,null,null,null,null
トラック,8190,9597,1105,8533,9570,null,null,null,null,null,null,null
リンガ,8211,9411,9289,8236,7782,null,null,null,null,null,null,null
ラバウル,8216,8383,7080,8599,7267,null,null,null,null,null,null,null
ショートランド,8738,9658,7253,8340,7929,null,null,null,null,null,null,null
ブイン,1056,8187,7930,8898,8611,null,null,null,null,null,null,null
タウイタウイ,7470,8048,7188,6570,6702,null,null,null,null,null,null,null
パラオ,8174,8367,7307,7508,7490,null,null,null,null,null,null,null
ブルネイ,8423,9438,8624,7587,7961,null,null,null,null,null,null,null
単冠湾,7426,8083,8019,7405,8171,null,null,null,null,null,null,null
幌筵,9551,9099,7173,8390,8176,null,null,null,null,null,null,null
宿毛湾,7798,9673,8609,7112,7925,null,null,null,null,null,null,null
鹿屋,9960,8639,8248,7284,7911,null,null,null,null,null,null,null
岩川,8247,9702,8250,8569,7955,null,null,null,null,null,null,null
佐伯湾,9179,7239,6518,7390,6916,null,null,null,null,null,null,null
柱島,9648,8538,9658,8875,7500,null,null,null,null,null,null,null
2021,1群
服务器,1月,2月,3月,4月,5月,6月,7月,8月,9月,10月,11月,12月
横須賀,5769,6189,5534,5273,5724,null,null,null,null,null,null,null
呉,6538,5984,6173,5825,6279,null,null,null,null,null,null,null
佐世保,6186,5991,5747,5516,5693,null,null,null,null,null,null,null
舞鶴,6518,6752,6380,6407,6439,null,null,null,null,null,null,null
大湊,5997,6135,5634,5515,6032,null,null,null,null,null,null,null
トラック,5609,6561,5810,5529,5495,null,null,null,null,null,null,null
リンガ,6924,5881,6198,4838,5572,null,null,null,null,null,null,null
ラバウル,6206,6100,6221,6044,5422,null,null,null,null,null,null,null
ショートランド,6555,6279,5356,5470,6025,null,null,null,null,null,null,null
ブイン,6270,5987,5381,5057,5741,null,null,null,null,null,null,null
タウイタウイ,5485,6182,5239,5227,5316,null,null,null,null,null,null,null
パラオ,5825,6092,6025,5566,5624,null,null,null,null,null,null,null
ブルネイ,6092,6288,5115,5481,5447,null,null,null,null,null,null,null
単冠湾,5818,6409,5866,5450,5793,null,null,null,null,null,null,null
幌筵,5881,6131,5770,5690,6098,null,null,null,null,null,null,null
宿毛湾,5899,6407,6201,5680,6158,null,null,null,null,null,null,null
鹿屋,6180,5847,5562,5616,5900,null,null,null,null,null,null,null
岩川,6327,6143,5729,6195,5959,null,null,null,null,null,null,null
佐伯湾,5797,6079,5037,5223,5579,null,null,null,null,null,null,null
柱島,7101,7011,6686,6167,6678,null,null,null,null,null,null,null
2021,2群
服务器,1月,2月,3月,4月,5月,6月,7月,8月,9月,10月,11月,12月
横須賀,4859,4577,4241,4045,4108,null,null,null,null,null,null,null
呉,4970,4904,4444,4216,4256,null,null,null,null,null,null,null
佐世保,4867,4639,4182,4130,4135,null,null,null,null,null,null,null
舞鶴,4980,4948,4282,4314,4553,null,null,null,null,null,null,null
大湊,4630,4498,3999,3934,4123,null,null,null,null,null,null,null
トラック,4583,4692,4128,3930,4047,null,null,null,null,null,null,null
リンガ,4698,4495,4102,3946,4017,null,null,null,null,null,null,null
ラバウル,4852,4517,4215,4181,4066,null,null,null,null,null,null,null
ショートランド,4767,4536,4095,3978,4085,null,null,null,null,null,null,null
ブイン,4711,4377,4032,3845,3991,null,null,null,null,null,null,null
タウイタウイ,4475,4509,3958,3881,3978,null,null,null,null,null,null,null
パラオ,4695,4401,4199,4103,4051,null,null,null,null,null,null,null
ブルネイ,4577,4421,4071,3786,3885,null,null,null,null,null,null,null
単冠湾,4708,4504,4110,4008,4129,null,null,null,null,null,null,null
幌筵,4564,4561,4068,3854,4020,null,null,null,null,null,null,null
宿毛湾,4656,4438,4146,3920,4029,null,null,null,null,null,null,null
鹿屋,4735,4437,4064,3992,4047,null,null,null,null,null,null,null
岩川,4652,4405,4018,3923,4002,null,null,null,null,null,null,null
佐伯湾,4480,4252,3955,3751,3782,null,null,null,null,null,null,null
柱島,5433,5404,4779,4724,4561,null,null,null,null,null,null,null
2021,3群
服务器,1月,2月,3月,4月,5月,6月,7月,8月,9月,10月,11月,12月
横須賀,4204,3741,3614,3311,3139,null,null,null,null,null,null,null
呉,4238,3934,3652,3453,3361,null,null,null,null,null,null,null
佐世保,4113,3735,3556,3136,3106,null,null,null,null,null,null,null
舞鶴,4197,3819,3634,3392,3317,null,null,null,null,null,null,null
大湊,4029,3588,3437,2833,2541,null,null,null,null,null,null,null
トラック,4028,3648,3527,3048,2520,null,null,null,null,null,null,null
リンガ,4088,3598,3466,2981,2653,null,null,null,null,null,null,null
ラバウル,4140,3646,3608,3308,3004,null,null,null,null,null,null,null
ショートランド,4102,3634,3530,3052,2786,null,null,null,null,null,null,null
ブイン,4063,3539,3501,2807,2584,null,null,null,null,null,null,null
タウイタウイ,3995,3548,3489,2854,2660,null,null,null,null,null,null,null
パラオ,4088,3583,3552,3149,2668,null,null,null,null,null,null,null
ブルネイ,4015,3564,3478,2745,2483,null,null,null,null,null,null,null
単冠湾,4058,3624,3512,3019,2740,null,null,null,null,null,null,null
幌筵,3984,3567,3460,2759,2644,null,null,null,null,null,null,null
宿毛湾,4044,3618,3524,3036,2790,null,null,null,null,null,null,null
鹿屋,4091,3580,3559,3151,3038,null,null,null,null,null,null,null
岩川,4055,3479,3462,2674,2388,null,null,null,null,null,null,null
佐伯湾,3975,3311,3413,2418,2609,null,null,null,null,null,null,null
柱島,4338,4005,3760,3603,3401,null,null,null,null,null,null,null
2020,联合
服务器,1月,2月,3月,4月,5月,6月,7月,8月,9月,10月,11月,12月
横須賀,7971,8874,7262,9829,7838,7436,7187,7451,7662,8902,8214,7740
呉,7123,9739,8311,9598,9692,9297,9890,7714,1247,7660,1016,8554
佐世保,7816,9275,8153,8949,8977,7722,6566,8641,7507,9555,8932,7352
舞鶴,8522,8608,7283,8616,8247,9368,6609,8062,7556,9168,9490,8032
大湊,8782,8766,7207,8984,8932,7551,8749,8999,7915,8691,8060,7698
トラック,9005,9480,7631,8507,8893,9174,1098,8089,8726,7172,8194,8268
リンガ,9770,9784,7704,8462,1082,7805,9275,1014,1112,9846,9859,7530
ラバウル,8272,8999,7778,7777,9175,7666,7634,9183,9181,1020,8856,6890
ショートランド,7034,8412,7734,7919,8205,7589,6134,9356,8432,8145,8564,7148
ブイン,7303,9381,8000,7176,7896,7360,5887,9024,7733,7566,8410,6370
タウイタウイ,8746,9553,8302,9732,9722,8237,6945,8020,7840,8386,9046,6129
パラオ,7611,1012,7886,9469,1132,8297,6633,9075,8735,9312,8569,7589
ブルネイ,7678,8004,7382,9431,7837,7236,8120,8757,1025,7956,8273,8111
単冠湾,9521,8544,7220,9003,9452,7052,6499,8142,7530,9057,8791,7510
幌筵,7737,9999,6929,9087,9629,8108,8498,7926,9196,1016,9120,8444
宿毛湾,8001,9228,7045,7799,9385,8679,1037,7387,1152,9086,8957,9314
鹿屋,7646,8804,8038,9481,1077,8749,9165,7003,9585,9212,1004,7686
岩川,7876,8923,8486,9129,9343,8136,7390,9191,9712,9462,8376,8011
佐伯湾,8882,1126,6159,8858,9102,7020,7176,7594,9478,8429,8457,7046
柱島,1043,1095,1009,9818,1022,8448,9548,9949,1046,1024,9216,8343
2020,1群
服务器,1月,2月,3月,4月,5月,6月,7月,8月,9月,10月,11月,12月
横須賀,6078,6251,5317,6034,6600,5702,5108,5963,5919,6024,6236,5436
呉,6003,7015,5707,6175,7187,6006,5812,6408,7066,6659,7449,6060
佐世保,6242,6900,6091,6061,6602,5764,5542,6303,6091,6871,6340,5264
舞鶴,6288,6753,5561,6509,7057,5847,5305,6438,5831,6880,7208,5834
大湊,5844,6489,5117,6337,6651,5494,5139,6316,5963,6257,6652,5271
トラック,5888,6661,5595,5682,7076,6031,5749,6319,6521,6282,6316,5392
リンガ,6341,6381,5368,5729,7529,5829,5282,6419,5807,6556,6347,4983
ラバウル,6214,6271,5554,6081,6501,5973,5681,6361,6336,6615,6471,5378
ショートランド,6305,6578,5252,5831,6453,5666,5494,6446,5981,6362,6597,5289
ブイン,5948,6055,5236,5599,6377,5678,5008,5795,5969,5911,6650,4919
タウイタウイ,5914,6491,5041,6534,6369,5912,4992,6295,5465,6154,6328,4774
パラオ,5691,6773,5564,6087,7070,6016,5134,5881,6266,7196,6645,5456
ブルネイ,5913,6434,5099,5767,6338,5432,5215,5931,6291,6171,6439,5003
単冠湾,6061,6562,5024,6352,6877,5815,4736,6332,5762,6032,6700,5449
幌筵,5650,6219,5462,5487,7187,6013,5231,5961,6452,6909,6763,5830
宿毛湾,5923,6394,5656,6299,6652,5572,5107,5858,5601,7159,6831,5786
鹿屋,5804,6708,5831,5672,7235,6101,5077,5625,5866,6265,5949,5643
岩川,6067,6533,5250,6240,7181,6178,5325,5916,6548,6693,6717,5769
佐伯湾,5917,6527,5387,6026,6563,5408,5133,6219,5630,6295,6169,5279
柱島,6910,7602,6678,7598,7804,7526,6690,6834,7386,7538,7358,6465
2020,2群
服务器,1月,2月,3月,4月,5月,6月,7月,8月,9月,10月,11月,12月
横須賀,4933,4859,4248,4526,4875,4589,3959,4552,4543,4292,4788,4232
呉,5061,5137,4420,4652,5381,4753,4202,4865,4753,4737,5051,4421
佐世保,4935,5178,4330,4449,5152,4657,4037,4700,4567,4608,4710,4149
舞鶴,5087,5256,4609,4828,5346,4797,4068,4786,4560,4672,5134,4203
大湊,4736,4683,3950,4166,4808,4274,3871,4465,4214,4141,4622,4015
トラック,4777,4705,4041,4288,4831,4398,3833,4417,4488,4222,4507,4026
リンガ,4797,4646,4036,4232,4857,4409,3835,4369,4255,4264,4465,3889
ラバウル,4834,4809,4171,4295,4669,4593,3916,4373,4371,4330,4572,4159
ショートランド,4832,4649,4055,4154,4808,4404,3837,4525,4290,4194,4589,4005
ブイン,4731,4533,3969,4174,4568,4262,3812,4255,4227,4065,4440,3904
タウイタウイ,4675,4667,3996,4171,4558,4373,3763,4334,4182,4061,4568,3928
パラオ,4701,4650,4086,4306,4802,4441,3824,4468,4317,4388,4663,3962
ブルネイ,4562,4627,3868,4115,4547,4269,3768,4257,4186,3942,4370,3981
単冠湾,4662,4709,4023,4203,4751,4308,3783,4335,4410,4181,4459,4092
幌筵,4605,4643,3912,4078,4678,4280,3758,4344,4298,4043,4438,3928
宿毛湾,4806,4628,3999,4207,4593,4337,3751,4303,4272,4187,4479,3973
鹿屋,4670,4621,4094,4325,4806,4428,3822,4294,4271,4133,4605,4070
岩川,4686,4524,3933,4240,4678,4255,3818,4345,4266,4183,4506,3995
佐伯湾,4702,4646,3970,4144,4576,4258,3762,4223,4246,4085,4297,3914
柱島,5537,5857,5134,5253,5866,5193,4350,5160,5187,5231,5222,4594
2020,3群
服务器,1月,2月,3月,4月,5月,6月,7月,8月,9月,10月,11月,12月
横須賀,4280,3986,3676,3551,3657,3784,2907,3576,3738,3495,3605,3551
呉,4306,4104,3704,3659,3807,3852,3166,3643,3765,3699,3645,3633
佐世保,4245,3997,3650,3540,3641,3750,2917,3503,3696,3418,3565,3500
舞鶴,4320,4058,3724,3627,3781,3866,3133,3609,3735,3560,3637,3590
大湊,4104,3667,3474,3266,3444,3604,2490,3351,3563,2860,3380,2989
トラック,4066,3664,3476,3379,3360,3609,2344,3363,3625,3236,3343,3297
リンガ,4082,3714,3461,3249,3441,3602,2360,3296,3596,3131,3341,3079
ラバウル,4170,3786,3581,3444,3510,3714,2555,3438,3667,3317,3435,3496
ショートランド,4156,3719,3508,3331,3469,3670,2408,3372,3603,3118,3396,3307
ブイン,4116,3612,3483,3310,3443,3595,2315,3416,3593,3073,3373,3142
タウイタウイ,4107,3703,3500,3348,3355,3596,2163,3290,3576,3103,3367,3082
パラオ,4100,3681,3546,3326,3426,3662,2378,3294,3624,3251,3380,3418
ブルネイ,4013,3590,3332,3313,3297,3567,2161,3238,3527,2908,3365,3011
単冠湾,4109,3666,3488,3409,3408,3612,2276,3368,3611,3163,3340,3393
幌筵,4075,3546,3477,3073,3379,3569,2093,3400,3599,2778,3308,2976
宿毛湾,4124,3642,3426,3256,3363,3573,2210,3301,3548,3104,3288,3116
鹿屋,4094,3690,3557,3412,3441,3660,2529,3388,3620,3160,3344,3312
岩川,4082,3507,3430,3346,3369,3596,2223,3303,3584,3083,3253,2998
佐伯湾,4073,3570,3433,3155,3269,3549,2194,3242,3532,2746,3100,3215
柱島,4518,4322,3912,3778,3939,4074,3474,3759,4023,3744,3743,3789
2019,联合
服务器,1月,2月,3月,4月,5月,6月,7月,8月,9月,10月,11月,12月
横須賀,7236,8412,8782,7208,7250,5881,6852,9019,6105,9200,9538,7879
呉,6708,1008,8413,8164,7824,6058,7510,9018,7308,8409,9121,7802
佐世保,7937,8239,7647,6783,7287,5883,7227,7447,7324,8282,7983,7702
舞鶴,7691,9298,8686,9167,7109,6704,6100,8080,8081,7648,9720,6302
大湊,6952,1181,9456,6885,7936,6248,7492,8414,6355,9380,8324,7126
トラック,7503,8587,7565,6860,6961,6418,8206,8637,7571,1070,8020,8270
リンガ,6724,8441,7879,7314,7544,6161,6494,7658,6823,7723,1017,7342
ラバウル,7108,9120,8957,8570,1068,6029,7445,7581,6360,9117,1000,7811
ショートランド,7645,9217,8793,9300,1000,6669,6509,7873,6787,1025,1151,5716
ブイン,7284,8164,6741,6733,6518,5753,6851,7253,null,8056,7898,6330
タウイタウイ,7435,8485,9272,8525,7947,6822,7529,7832,5880,9212,8768,6043
パラオ,6837,7388,7775,7198,8939,6101,7218,9181,6084,9292,8232,8141
ブルネイ,7737,8651,6922,7088,6552,5229,6001,8290,7347,7137,7800,5802
単冠湾,7133,8610,8142,8336,7879,6666,7617,8635,7306,8972,9457,6762
幌筵,6619,9187,8751,7456,7273,7447,8550,8542,7908,8136,8506,8336
宿毛湾,6964,9478,7590,6449,7708,5536,9380,7720,7494,8224,8751,7101
鹿屋,6564,9812,7433,9557,8700,6113,6630,7477,7261,8472,1225,6559
岩川,7052,7315,5977,7130,7162,6128,6106,7596,6005,7715,8704,7428
佐伯湾,7948,6605,6124,7946,5966,7157,7470,8396,7636,9723,8931,8521
柱島,1115,9761,9290,9715,8807,7674,8758,1000,8802,1102,9659,9081
2019,1群
服务器,1月,2月,3月,4月,5月,6月,7月,8月,9月,10月,11月,12月
横須賀,4862,6111,5598,4881,4757,4503,5512,6277,5180,5812,6749,4764
呉,5436,6705,5794,4990,5062,4844,5678,6409,5239,6849,6847,4744
佐世保,5460,6469,5734,5317,5608,4816,5461,5862,5026,6465,6613,5159
舞鶴,5142,6193,5833,5738,5153,4444,5304,6196,5286,6125,6506,5124
大湊,5087,6337,5676,5318,5237,4228,5573,5767,5283,6820,5704,4479
トラック,5541,5594,5272,5128,5254,4480,5199,6033,5098,7761,6840,4823
リンガ,5009,6653,5239,5098,5301,4145,5284,5669,4871,6179,6613,4980
ラバウル,5287,5705,5128,5035,5222,4442,5273,5436,4856,5959,5674,4716
ショートランド,5457,5827,5720,5248,7164,4566,4758,5612,4470,5729,6896,4491
ブイン,4655,5185,4999,5000,4610,3847,4785,5151,4713,5634,5346,4441
タウイタウイ,5396,6349,5469,5895,5240,4440,5591,5946,4976,6212,6205,4624
パラオ,4956,5798,4802,4875,4880,4509,4861,5966,5042,6141,6049,4884
ブルネイ,4755,5064,4865,5118,5323,4374,5262,5880,4694,5692,5707,4389
単冠湾,5351,5863,5353,5116,5229,4354,5425,5794,4813,6249,6228,4412
幌筵,4986,6589,5548,5772,5486,4194,5100,6130,4367,6764,6492,4430
宿毛湾,5398,6014,5252,4918,4886,4376,4954,6131,5117,6205,6168,5072
鹿屋,5101,5322,5223,5620,5277,4380,5229,5681,5063,5939,6574,4638
岩川,4539,5186,5062,4946,4934,4362,4790,5997,4442,6202,6142,4677
佐伯湾,5338,5159,4715,5042,4819,4231,5773,5747,5005,5839,6107,5253
柱島,7560,7295,7052,6897,6315,5748,6116,7171,6007,8013,7618,5788
2019,2群
服务器,1月,2月,3月,4月,5月,6月,7月,8月,9月,10月,11月,12月
横須賀,3636,4052,3652,3439,3655,3228,3697,4201,3550,4284,4430,3649
呉,4014,4200,4004,3716,3900,3331,3990,4404,3745,4461,4758,3776
佐世保,3863,4250,3876,3621,3812,3399,3906,4417,3576,4438,4530,3640
舞鶴,3992,4346,3937,3851,3877,3461,3957,4495,3855,4612,4924,3708
大湊,3456,3672,3530,3404,3386,3051,3380,4074,3378,4090,4298,3454
トラック,3531,3541,3372,3174,3409,3126,3440,4000,3382,4181,4333,3509
リンガ,3438,3811,3657,3241,3595,3111,3422,4124,3321,4024,4395,3474
ラバウル,3571,3762,3512,3407,3453,3116,3400,3981,3449,4073,4153,3567
ショートランド,3512,3783,3429,3447,3515,3118,3359,3923,3441,4163,4123,3488
ブイン,3418,3563,3184,3204,3371,3015,3194,3778,3296,3975,3973,3439
タウイタウイ,3560,3878,3471,3325,3431,2993,3355,3873,3299,4120,4108,3516
パラオ,3503,3552,3566,3418,3439,3146,3538,3828,3436,4177,4132,3502
ブルネイ,3387,3559,3307,3300,3435,3107,3320,3784,3202,3777,3977,3444
単冠湾,3497,3548,3287,3283,3369,3058,3480,3893,3241,4043,4052,3499
幌筵,3410,3831,3499,3320,3324,3131,3412,4003,3278,3996,4174,3456
宿毛湾,3405,3578,3317,3358,3332,3116,3445,3829,3323,4053,4119,3423
鹿屋,3550,3764,3465,3196,3348,2987,3506,3936,3288,4080,4039,3477
岩川,3439,3625,3270,3127,3549,3092,3252,3989,3283,4065,4058,3497
佐伯湾,3527,3522,3287,3240,3265,3140,3333,3955,3253,4005,3965,3446
柱島,4397,4771,4798,4422,4123,4012,4546,4945,4132,5330,5081,4141
2019,3群
服务器,1月,2月,3月,4月,5月,6月,7月,8月,9月,10月,11月,12月
横須賀,2902,2861,2600,2534,2520,2590,2556,2996,2973,3370,3229,3009
呉,3003,2996,2667,2612,2532,2672,2650,3047,3043,3410,3304,3113
佐世保,2933,2913,2589,2567,2528,2635,2600,2995,2962,3358,3182,2821
舞鶴,3020,3024,2615,2700,2564,2667,2631,3080,3039,3453,3284,3080
大湊,2743,2592,2437,2335,2359,2432,2365,2810,2742,3191,2924,2421
トラック,2645,2495,2393,2329,2294,2384,2414,2749,2614,3171,2923,2466
リンガ,2637,2606,2440,2355,2309,2374,2396,2748,2700,3137,2910,2498
ラバウル,2758,2627,2529,2389,2356,2508,2444,2830,2826,3249,3030,2755
ショートランド,2739,2599,2474,2348,2298,2505,2386,2723,2798,3166,3005,2595
ブイン,2681,2490,2432,2325,2279,2451,2392,2732,2734,3164,2810,2487
タウイタウイ,2691,2617,2459,2306,2345,2443,2400,2741,2775,3157,2912,2485
パラオ,2685,2539,2426,2323,2298,2452,2371,2752,2788,3188,2824,2617
ブルネイ,2569,2413,2389,2242,2209,2377,2277,2648,2518,3083,2784,2288
単冠湾,2666,2448,2448,2297,2206,2421,2371,2677,2709,3168,2817,2506
幌筵,2663,2503,2433,2300,2224,2443,2317,2704,2735,3137,2885,2528
宿毛湾,2616,2544,2425,2306,2298,2425,2337,2670,2675,3155,2894,2384
鹿屋,2664,2537,2442,2324,2298,2445,2371,2784,2786,3164,2908,2669
岩川,2654,2514,2409,2278,2242,2389,2348,2752,2695,3170,2724,2489
佐伯湾,2635,2422,2381,2284,2237,2448,2317,2652,2703,3110,2750,2426
柱島,3124,3105,2966,2862,2678,2856,2855,3233,3199,3747,3352,3393
2018,联合
服务器,1月,2月,3月,4月,5月,6月,7月,8月,9月,10月,11月,12月
横須賀,5949,5519,4541,5569,6020,5951,7300,1058,1092,1168,1274,8891
呉,5770,4239,4302,5298,5643,5916,6213,1065,1024,1513,1308,9328
佐世保,4296,4249,4011,4346,5211,4689,6026,1189,1012,1379,1301,6580
舞鶴,6039,4226,4509,4634,4482,4568,4715,1038,1190,1434,1350,8721
大湊,6440,4136,4665,7000,6162,6340,7309,1050,1727,1371,1212,9558
トラック,6174,5053,4561,5985,6049,5107,6460,1011,9333,1030,1098,7404
リンガ,5575,4409,4916,4859,7190,5519,6666,1027,1356,1193,1000,7612
ラバウル,6772,5652,4296,5675,7069,6278,7356,1076,1000,1117,1366,8406
ショートランド,8001,6917,5784,6183,5910,6453,1139,1039,1276,1501,1355,9278
ブイン,7254,5459,4448,5662,5502,5375,5958,8112,9000,1300,1043,7467
タウイタウイ,6731,7140,4971,6712,7121,7655,8990,1212,9189,1361,1284,8232
パラオ,6192,4599,4841,5702,6155,5981,6658,1064,8917,1119,1208,7691
ブルネイ,7080,6043,4841,5555,5894,6265,7127,8375,8792,1124,1189,7080
単冠湾,6129,4901,6069,5619,6730,5174,6810,1008,9493,1458,1259,8049
幌筵,6771,5337,4680,5509,6945,7210,7383,1072,8608,1294,1198,7986
宿毛湾,5480,4564,4947,5273,6160,6953,6785,9784,1013,1162,1113,7332
鹿屋,6008,5660,4789,6222,8172,5463,7001,1012,8564,1142,1206,7724
岩川,6262,5022,4213,5639,6937,4901,6005,8922,8018,9299,1006,7309
佐伯湾,6529,5186,4936,6696,6270,6653,7524,1112,9065,1108,1144,8161
柱島,9194,7265,6570,8032,7290,7769,8123,1280,1453,1501,1499,1029
2018,1群
服务器,1月,2月,3月,4月,5月,6月,7月,8月,9月,10月,11月,12月
横須賀,4157,3743,3304,3617,4209,3936,4533,7580,7409,8387,7572,5541
呉,3927,3229,3146,3624,4161,3993,3962,8081,7090,9966,8836,5646
佐世保,3621,3244,3168,3751,4058,3505,4307,8400,7111,9575,8260,5702
舞鶴,3734,3001,2896,3772,3465,3726,3870,8623,8000,9610,9415,5723
大湊,4068,3139,3195,4089,4079,4121,4510,7822,6100,8103,8130,4681
トラック,4112,3312,3286,3978,4141,3594,4257,7345,6657,8307,8840,5630
リンガ,4470,3412,3324,3929,4407,3766,4426,7721,6709,7285,7395,5490
ラバウル,4441,3662,3621,4437,5007,4870,4954,7187,5866,8039,8032,5290
ショートランド,5103,3820,3591,3922,4683,4639,4539,7034,6002,8657,7157,5214
ブイン,4231,3471,3831,4109,4079,3747,4609,6389,5581,7556,7710,4907
タウイタウイ,5621,3962,4030,4279,4745,5467,5207,7953,6306,7189,8392,5470
パラオ,4450,3195,3505,4127,4166,3987,4711,7561,5861,8603,8401,4852
ブルネイ,4745,3717,3637,4251,4557,4114,4687,6572,6229,7038,8124,4859
単冠湾,4986,3878,3658,4118,4925,4057,4743,7449,6491,8165,7163,5591
幌筵,5087,3676,3598,4145,5012,4667,4792,7045,6280,9036,8213,5526
宿毛湾,4040,3340,3692,4175,4716,4755,4678,7324,6155,7266,8236,5157
鹿屋,4367,3812,3919,4500,4806,4532,4691,7323,6335,8222,7804,5224
岩川,4476,3590,3544,3816,4255,3855,4616,7255,5443,7805,6484,5069
佐伯湾,4583,3865,3944,4830,5121,4698,4902,8104,6229,8471,7379,5580
柱島,6701,4939,4743,5849,6038,5307,6197,9994,8325,1041,1086,6562
2018,2群
服务器,1月,2月,3月,4月,5月,6月,7月,8月,9月,10月,11月,12月
横須賀,2752,2373,2484,2642,2946,2738,3043,5370,3962,4928,4840,3548
呉,2707,2289,2371,2523,2814,2683,2908,5722,4427,5674,5210,3864
佐世保,2675,2287,2427,2622,2799,2595,2977,5483,4270,5609,5561,3819
舞鶴,2529,2192,2317,2532,2754,2590,2801,6042,4705,5739,5561,4032
大湊,2785,2354,2445,2700,2913,2773,3068,5233,3729,4817,4500,3472
トラック,2819,2378,2523,2642,2999,2762,3053,4877,3802,4493,4554,3328
リンガ,2932,2376,2546,2753,3162,2844,3250,5208,3694,5003,4523,3343
ラバウル,3196,2500,2811,3033,3359,3217,3554,4792,3461,4515,4403,3379
ショートランド,3206,2626,2786,3058,3518,3222,3460,4854,3622,4813,4589,3398
ブイン,3060,2433,2633,2948,3107,2931,3229,4823,3559,4293,4463,3313
タウイタウイ,3332,2560,2838,3156,3355,3097,3414,4897,3641,4476,4696,3342
パラオ,3085,2585,2780,2983,3391,3070,3490,4906,3622,4411,4508,3540
ブルネイ,3188,2694,2796,3053,3416,3152,3382,4922,3581,4345,4505,3064
単冠湾,3247,2533,2733,3025,3297,3072,3451,4792,3685,4440,4419,3366
幌筵,3167,2660,2768,3058,3357,3038,3474,4996,3504,4413,4639,3354
宿毛湾,3113,2497,2688,3017,3454,3134,3328,4684,3666,4413,4606,3347
鹿屋,3184,2611,2721,3074,3434,3143,3481,5046,3584,4531,4576,3375
岩川,3140,2498,2684,2957,3222,3038,3317,4986,3458,4652,4493,3284
佐伯湾,3474,2710,2865,3156,3600,3299,3599,4863,3732,4517,4449,3368
柱島,4223,3208,3341,3789,4081,3942,4156,6265,5064,6067,6187,4579
2018,3群
服务器,1月,2月,3月,4月,5月,6月,7月,8月,9月,10月,11月,12月
横須賀,1953,1643,1946,1876,2075,2075,2197,3863,2548,2900,3220,2625
呉,1819,1531,1769,1776,1951,1956,2051,4105,2650,3209,3421,2716
佐世保,1860,1594,1837,1764,1985,1977,2058,3960,2621,3165,3457,2671
舞鶴,1783,1526,1777,1758,1925,1915,2004,4098,2718,3189,3579,2738
大湊,1937,1638,1903,1905,2079,2044,2175,3597,2378,2690,2886,2545
トラック,1952,1659,1956,1917,2112,2106,2222,3274,2201,2465,2725,2440
リンガ,1987,1680,1979,1948,2148,2133,2305,3365,2286,2530,2790,2477
ラバウル,2323,1861,2214,2290,2503,2397,2617,3275,2209,2504,2761,2513
ショートランド,2312,1854,2227,2280,2521,2409,2585,3381,2311,2547,2793,2514
ブイン,2137,1790,2061,2053,2247,2221,2372,3310,2232,2509,2719,2473
タウイタウイ,2280,1825,2145,2210,2412,2270,2550,3291,2240,2446,2789,2475
パラオ,2270,1824,2138,2167,2351,2274,2452,3210,2226,2472,2632,2447
ブルネイ,2249,1833,2156,2191,2446,2226,2531,3134,2128,2301,2591,2440
単冠湾,2255,1826,2133,2164,2371,2288,2427,3204,2201,2360,2610,2486
幌筵,2214,1799,2130,2195,2392,2275,2507,3236,2207,2412,2674,2437
宿毛湾,2264,1795,2143,2138,2376,2265,2476,3241,2188,2421,2629,2461
鹿屋,2363,1874,2165,2302,2479,2338,2580,3225,2189,2452,2718,2441
岩川,2189,1771,2112,2100,2404,2229,2424,3200,2192,2462,2760,2442
佐伯湾,2312,1828,2255,2285,2552,2334,2531,3224,2249,2369,2570,2446
柱島,2833,2107,2639,2743,3045,2690,3034,4158,2805,3460,3783,2847
2017,联合
服务器,1月,2月,3月,4月,5月,6月,7月,8月,9月,10月,11月,12月
横須賀,4677,3947,4764,4993,4430,5117,6696,4829,5178,5226,5199,5932
呉,4413,3692,4287,5968,4497,5099,5363,4829,5012,6174,5312,5145
佐世保,3934,4685,4527,4525,4165,5088,4752,4297,5544,4769,4437,4898
舞鶴,5417,3810,4172,4894,5575,5224,6311,5132,5085,4955,4446,6280
大湊,4829,3736,4748,5379,4501,5448,6567,5144,5586,4977,4715,6718
トラック,4818,4617,5581,5532,6443,5918,5652,4828,7023,5824,5679,6595
リンガ,4895,4110,4731,7906,5291,6405,5461,5435,5571,5903,4786,6955
ラバウル,6273,4302,5760,5569,5435,6079,5735,5639,5262,5456,5541,5905
ショートランド,5456,4774,5481,5611,5943,5890,5806,6183,6188,6634,5196,7633
ブイン,5052,3755,5263,5499,5907,5605,5488,6600,6367,6000,5627,6107
タウイタウイ,8197,4808,6374,7534,6411,6583,6402,5781,7442,7246,6852,6576
パラオ,6012,5101,5415,5470,6313,7085,7128,5841,6257,7002,5566,6651
ブルネイ,6829,5876,6126,5274,5724,5858,6156,6075,5870,6636,1013,6067
単冠湾,5211,4965,4910,4812,5884,5716,6115,5039,5806,6239,5555,7473
幌筵,5489,4568,5814,5444,5633,6317,5689,5536,5830,6134,5769,6085
宿毛湾,5662,4393,5502,5652,7000,5853,6183,5347,5646,5257,5151,6500
鹿屋,6079,4480,4934,6289,6560,7101,7514,5640,6230,6397,5718,7406
岩川,5233,4947,5292,4902,5021,6225,5945,5440,6008,6098,5342,5319
佐伯湾,6813,5757,5827,5849,7857,7767,8179,7000,7568,6651,6539,7653
柱島,7308,5751,7053,6649,1000,9302,7476,6896,8212,1108,8100,9856
2017,1群
服务器,1月,2月,3月,4月,5月,6月,7月,8月,9月,10月,11月,12月
横須賀,3598,3169,3749,3668,3789,4333,5052,3569,4114,3768,4109,4200
呉,3536,3006,3239,3782,3469,3812,3866,3885,4142,4311,3624,4361
佐世保,3282,3289,3825,3628,3514,3816,3987,3467,3842,3948,3648,4145
舞鶴,3329,2939,3268,3376,3451,3647,3893,3461,3912,4121,3507,4148
大湊,3713,3139,3624,3654,3537,4394,4384,3516,4126,4056,3650,4144
トラック,3572,3259,3241,3585,4108,3885,4285,3414,4079,4255,3912,4152
リンガ,3572,3202,3990,4016,4148,3899,4094,3678,3899,4141,3660,4202
ラバウル,4293,3406,4232,3903,3966,4255,4559,3887,3963,4336,4114,4825
ショートランド,3941,3853,4353,4335,4010,4374,4448,3942,3910,4675,3919,5428
ブイン,3784,3358,4035,3870,4237,4271,4171,3982,4411,4168,4014,4564
タウイタウイ,4613,3327,4063,4271,4548,5020,4768,4407,5040,5119,4954,4969
パラオ,4044,3298,4026,4232,4745,4951,4730,4102,4752,4253,3966,5023
ブルネイ,4519,3373,4510,4098,4520,4292,4110,4083,4543,4262,4442,4450
単冠湾,3902,3329,4323,4074,4305,4315,4756,4315,4812,4325,4338,4743
幌筵,4438,3862,4086,3837,4693,4941,4846,4126,4612,4801,4598,4814
宿毛湾,4034,3348,4270,4036,4432,4502,4413,3676,4282,4321,3972,4999
鹿屋,4287,3612,4153,4646,4720,5415,4912,3677,4270,4768,4076,5434
岩川,3954,3209,4729,4133,4298,4318,4695,3725,4412,4241,3821,4049
佐伯湾,4636,4339,4460,4341,5312,5794,6406,4475,4490,4911,4645,5110
柱島,6019,4023,5571,5228,5733,6032,5792,5422,5960,6065,4761,6757
2017,2群
服务器,1月,2月,3月,4月,5月,6月,7月,8月,9月,10月,11月,12月
横須賀,2518,2215,2619,2834,2797,2975,2927,2657,2888,2812,2702,2803
呉,2424,2076,2489,2613,2713,2728,2818,2498,2738,2698,2584,2649
佐世保,2454,2204,2535,2733,2779,2842,2897,2610,2743,2845,2618,2766
舞鶴,2428,2157,2452,2635,2591,2716,2696,2502,2517,2640,2507,2501
大湊,2460,2152,2584,2773,2760,2961,2824,2561,2640,2728,2644,2835
トラック,2573,2252,2655,2722,2801,2894,2886,2616,2879,2888,2665,2935
リンガ,2674,2286,2740,2874,2989,2938,2918,2682,2796,2967,2739,2985
ラバウル,2738,2340,2893,2811,2978,3164,3155,2788,2925,3261,2867,3253
ショートランド,2799,2471,2996,2994,3112,3352,3124,2801,3084,3275,3004,3368
ブイン,2641,2309,2783,2880,2977,3113,3104,2789,3050,3100,2703,3137
タウイタウイ,2884,2420,2903,3069,3142,3279,3255,2936,3210,3234,3086,3277
パラオ,2885,2531,2967,3203,3184,3287,3244,3049,3254,3249,3949,3311
ブルネイ,2866,2546,2966,3079,3211,3221,3285,3007,3195,3282,3073,3343
単冠湾,2916,2464,2917,3060,3164,3203,3239,2911,3185,3194,2943,3230
幌筵,2953,2495,2933,3131,3319,3232,3245,2989,3230,3264,2998,3518
宿毛湾,2887,2398,2947,3065,3157,3195,3141,2857,3161,3203,2975,3305
鹿屋,2852,2511,2877,3141,3164,3422,3254,2909,3261,3267,2975,3397
岩川,2633,2339,3005,2905,3083,3168,3239,2817,3044,3104,2894,3125
佐伯湾,3175,2675,3269,3226,3514,3672,3613,3196,3306,3541,3139,3553
柱島,3514,2872,3676,3420,3890,4067,3806,3499,3888,3871,3449,4148
2017,3群
服务器,1月,2月,3月,4月,5月,6月,7月,8月,9月,10月,11月,12月
横須賀,1799,1640,1844,2064,2039,2156,2053,1854,2073,2013,1816,1974
呉,1709,1550,1741,1981,1952,2023,1917,1764,1935,1912,1692,1902
佐世保,1779,1625,1819,1959,1992,2044,2038,1825,1981,1989,1791,1952
舞鶴,1621,1506,1733,1885,1867,1945,1866,1712,1883,1852,1632,1835
大湊,1733,1605,1829,1998,2018,2060,2012,1837,2000,2022,1818,2061
トラック,1777,1583,1871,2005,2046,2087,1983,1827,2097,2056,1823,2050
リンガ,1869,1665,1943,2096,2117,2188,2094,1859,2096,2157,1867,2127
ラバウル,1964,1688,2070,2161,2201,2374,2219,2021,2317,2382,2006,2418
ショートランド,1922,1738,2086,2213,2256,2336,2206,2011,2325,2385,2078,2397
ブイン,1944,1693,1992,2141,2205,2221,2195,1971,2198,2223,1929,2250
タウイタウイ,1956,1720,2118,2206,2249,2379,2262,2014,2362,2318,2018,2300
パラオ,2075,1804,2156,2313,2351,2415,2308,2083,2317,2355,2054,2317
ブルネイ,2070,1776,2114,2281,2322,2325,2361,2107,2325,2368,2085,2378
単冠湾,2028,1775,2121,2242,2290,2397,2260,2070,2307,2316,2000,2288
幌筵,2076,1752,2125,2211,2289,2363,2247,2025,2316,2318,2020,2313
宿毛湾,2038,1758,2078,2253,2284,2371,2224,2033,2300,2284,2003,2280
鹿屋,2062,1763,2144,2293,2299,2415,2292,2108,2353,2393,2070,2475
岩川,1951,1744,2126,2182,2220,2328,2188,1988,2246,2269,1953,2261
佐伯湾,2174,1847,2318,2261,2482,2441,2415,2195,2456,2382,2072,2420
柱島,2543,2053,2682,2454,2883,2760,2637,2429,2846,2963,2397,2979
2016,联合
服务器,1月,2月,3月,4月,5月,6月,7月,8月,9月,10月,11月,12月
横須賀,5034,null,4391,4707,null,null,4649,4494,4584,6041,4882,5142
呉,4673,null,4481,4319,null,null,5506,4013,4740,5602,4720,4698
佐世保,5345,null,4647,4529,null,null,4030,4783,4878,4546,4212,6091
舞鶴,6101,null,5135,5172,null,null,4757,4640,4421,6128,4972,5155
大湊,5558,null,5893,5213,null,null,5194,4390,5603,5546,5694,5943
トラック,5795,null,5216,4451,null,null,4747,4385,4568,4774,4478,6242
リンガ,5358,null,5668,5605,null,null,4821,4505,5870,6087,4907,6180
ラバウル,5997,null,6250,4928,null,null,5746,4290,4625,5872,4416,5920
ショートランド,7043,null,6105,5650,null,null,5615,5283,5000,5451,4769,5943
ブイン,5403,null,5772,4929,null,null,5337,5118,5401,6326,5094,6151
タウイタウイ,6995,null,6088,5555,null,null,5600,5497,5840,6100,5246,6903
パラオ,5866,null,6145,5773,null,null,5738,5464,5505,5108,4832,6194
ブルネイ,6105,null,7500,6435,null,null,6631,6914,5576,5835,4710,6668
単冠湾,5830,null,6107,5455,null,null,5427,5121,5034,5728,5380,6333
幌筵,5563,null,6362,5598,null,null,6034,4454,5909,5437,5594,7250
宿毛湾,6061,null,6204,6673,null,null,6065,6409,5577,5656,5717,7037
鹿屋,6352,null,6164,4628,null,null,5161,4723,5315,5255,4955,5554
岩川,6001,null,6519,6221,null,null,6482,5700,5815,6226,6023,5676
佐伯湾,6438,null,7358,5642,null,null,6464,7203,6254,6278,5623,6663
柱島,4089,null,5171,5468,null,null,5971,4758,7272,6455,6166,5983
2016,1群
服务器,1月,2月,3月,4月,5月,6月,7月,8月,9月,10月,11月,12月
横須賀,3598,null,3602,3291,null,null,3382,3224,3337,3921,3547,3788
呉,3395,null,3564,3111,null,null,3382,2796,3163,3444,3368,3559
佐世保,3428,null,3099,2946,null,null,3004,3139,3843,3429,3411,3948
舞鶴,4251,null,3533,3312,null,null,3248,3050,3609,3455,3328,3443
大湊,3837,null,3370,2878,null,null,3163,3069,3617,4031,3212,3991
トラック,3607,null,4061,2961,null,null,3234,2862,3536,3632,3224,4131
リンガ,4310,null,3621,3224,null,null,3281,2953,3918,3633,3308,3756
ラバウル,3703,null,3638,3253,null,null,3657,3178,3362,3611,3575,3889
ショートランド,4246,null,3908,4033,null,null,3630,3232,3744,3903,3695,4611
ブイン,3511,null,3641,3564,null,null,3746,3472,4306,3694,3411,4453
タウイタウイ,4322,null,3794,3236,null,null,4061,3405,4466,4238,3921,4154
パラオ,4363,null,4529,3601,null,null,4028,3301,3666,3882,3674,4152
ブルネイ,4183,null,4357,3566,null,null,4251,3297,4198,4308,3745,4290
単冠湾,4574,null,4099,3328,null,null,4098,3216,3937,4146,3933,4425
幌筵,4044,null,4346,3649,null,null,4385,3546,3818,4634,3508,4709
宿毛湾,4263,null,4838,3720,null,null,4250,3572,4142,4147,3378,4303
鹿屋,4056,null,3671,3494,null,null,3826,3195,4006,3804,3574,4006
岩川,4342,null,4525,3852,null,3674,4358,3208,3907,3969,3621,4136
佐伯湾,3672,null,4293,3876,null,null,4404,4053,4857,4442,4335,4908
柱島,3134,null,3944,3342,2906,4694,4152,3999,4600,4739,4091,4722
2016,2群
服务器,1月,2月,3月,4月,5月,6月,7月,8月,9月,10月,11月,12月
横須賀,2389,null,2581,2192,null,null,2278,2110,2411,2698,2429,2702
呉,2297,null,2434,2192,null,null,2226,2064,2338,2450,2332,2535
佐世保,2202,null,2412,2058,null,null,2164,2249,2509,2594,2385,2763
舞鶴,2385,null,2302,2073,null,null,2180,1983,2249,2507,2400,2603
大湊,2310,null,2440,2195,null,null,2231,2068,2349,2513,2392,2721
トラック,2404,null,2543,2205,null,null,2293,2080,2500,2606,2422,2740
リンガ,2445,null,2678,2283,null,null,2436,2246,2537,2709,2529,2775
ラバウル,2678,null,2791,2305,null,null,2573,2266,2474,2671,2481,2889
ショートランド,2711,null,2936,2390,null,null,2591,2293,2657,2829,2604,3005
ブイン,2593,null,2734,2376,null,null,2479,2302,2617,2700,2439,3045
タウイタウイ,2745,null,2884,2354,null,null,2573,2484,2876,2879,2692,3072
パラオ,2825,null,2996,2552,null,null,2581,2393,2585,2893,2692,3177
ブルネイ,2874,null,3054,2532,null,null,2691,2522,2684,2915,2673,3103
単冠湾,2725,null,2982,2474,null,null,2589,2409,2754,2892,2677,3071
幌筵,2809,null,3023,2399,null,null,2554,2405,2734,2862,2627,3175
宿毛湾,2668,null,3008,2419,null,null,2524,2408,2864,2846,2551,3155
鹿屋,2697,null,2922,2489,null,null,2587,2392,2782,2941,2635,3063
岩川,2727,null,3031,2420,null,2599,2528,2307,2661,2728,2537,2929
佐伯湾,2620,null,3194,2452,null,null,2693,2580,3011,3136,2853,3251
柱島,2256,2160,2852,2236,2306,2823,2829,2631,3205,3293,2867,3483
2016,3群
服务器,1月,2月,3月,4月,5月,6月,7月,8月,9月,10月,11月,12月
横須賀,1642,1554,1763,1569,1447,null,1629,1473,1661,1878,1738,1991
呉,1500,1461,1635,1483,1376,null,1481,1394,1513,1723,1660,1823
佐世保,1529,1426,1646,1440,1374,null,1496,1613,1736,1864,1775,1973
舞鶴,1554,1470,1633,1484,1375,null,1491,1399,1552,1709,1625,1789
大湊,1566,1507,1744,1467,1430,null,1592,1480,1666,1832,1697,1943
トラック,1600,1519,1797,1483,1457,null,1603,1473,1706,1813,1690,1936
リンガ,1659,1612,1911,1532,1478,null,1672,1566,1756,1910,1797,2002
ラバウル,1800,1712,2014,1569,1605,null,1784,1527,1762,1863,1773,2064
ショートランド,1844,1764,2033,1607,1609,null,1746,1656,1881,1993,1848,2134
ブイン,1762,1701,2018,1562,1612,null,1763,1630,1854,1898,1806,2169
タウイタウイ,1806,1767,2027,1602,1604,null,1747,1632,1885,1962,1839,2166
パラオ,1893,1765,2158,1691,1617,null,1832,1713,1882,2004,1903,2236
ブルネイ,1922,1868,2119,1700,1667,null,1850,1733,2008,2032,1867,2249
単冠湾,1863,1750,2058,1644,1633,null,1834,1663,1894,2012,1895,2246
幌筵,1881,1809,2132,1615,1672,null,1814,1699,1964,1995,1870,2282
宿毛湾,1854,1807,2131,1705,1639,null,1830,1751,1944,1999,1871,2293
鹿屋,1887,1857,2110,1673,1728,null,1923,1746,2020,2017,1905,2290
岩川,1852,1805,2154,1551,1596,null,1775,1628,1913,1966,1824,2163
佐伯湾,1790,1888,2268,1617,1847,null,1900,1815,2113,2073,1944,2411
柱島,1607,1594,1965,1548,1682,2082,2041,1902,2502,2169,2058,2668